codigo,nombre_cuenta,codigo_padre,nivel,clasificacion,saldo,tipo_cuenta
1,ACTIVO ,,1,mayor,0,acreedora
11,ACTIVO CORRIENTE,1,2,mayor,0,acreedora
1101,EFECTIVO Y EQUIVALENTES ,11,3,mayor,0,acreedora
110101,CAJA GENERAL ,1101,4,detalle,0,acreedora
110102,CAJA CHICA ,1101,4,detalle,0,acreedora
110103,BANCOS ,1101,4,mayor,0,acreedora
11010301,DEPOSITOS EN CUENTA CORRIENTE,110103,5,detalle,0,acreedora
11010302,DEPOSITOS EN CUENTA DE AHORRO ,110103,5,detalle,0,acreedora
110104,EQUIVALENTES DE EFECTIVO ,1101,4,mayor,0,acreedora
11010401,DEPOSITOS A PLAZO A 90 DIAS ,110104,5,detalle,0,acreedora
11010402,OTROS DEPOSITOS ,110104,5,detalle,0,acreedora
11010403,INVERSIONES EN TITULOS VALORES HASTA 90 DIAS,110104,5,detalle,0,acreedora
1102,CUENTAS POR COBRAR ,11,3,mayor,0,acreedora
110201,CUENTAS POR COBRAR COMERCIALES ,1102,4,detalle,0,acreedora
110202,DOCUMENTOS POR COBRAR ,1102,4,detalle,0,acreedora
110203,ANTICIPOS A PROVEEDORES ,1102,4,detalle,0,acreedora
110204,DEUDORES VARIOS ,1102,4,detalle,0,acreedora
110205,PRESTAMOS Y ANTICIPOS AL PERSONAL ,1102,4,mayor,0,acreedora
11020501,PRESTAMOS A EMPLEADOS ,110205,5,detalle,0,acreedora
11020502,ANTICIPOS A EMPLEADOS ,110205,5,detalle,0,acreedora
110206,OTROS ,1102,5,detalle,0,acreedora
110220,ESTIMACION PARA CUENTAS INCOBRABLES (CR),1102,5,detalle,0,acreedora
1103,CUENTAS POR COBRAR ACCIONISTAS ,11,3,mayor,0,acreedora
110301,CUENTAS POR COBRAR ACCIONISTAS ,1103,4,detalle,0,acreedora
1104,IMPUESTOS POR COBRAR ,11,3,mayor,0,acreedora
110401,CREDITO FISCAL ,1104,4,detalle,0,acreedora
110402,REMANENTE DE CREDITO FISCAL ,1104,4,detalle,0,acreedora
110403,IVA PENDIENTE DE APLICAR ,1104,4,detalle,0,acreedora
110404,IVA PERCIBIDO ,1104,4,detalle,0,acreedora
110405,IVA RETENIDO ,1104,4,detalle,0,acreedora
110406,PAGO A CUENTA DE IMPUESTO SOBRE LA RENTA ,1104,4,detalle,0,acreedora
110407,REMANENTE DE PAGO A CUENTA ,1104,4,detalle,0,acreedora
110408,REMANENTE DE IMPUESTO SOBRE LA RENTA ,1104,4,detalle,0,acreedora
1105,CUENTAS POR COBRAR POR ARRENDAMIENTO FINANCIERO,11,3,mayor,0,acreedora
110501,ARRENDAMIENTO FINANCIERO POR COBRAR ,1105,4,detalle,0,acreedora
110502,ESTIMACION POR CUENTAS INCOBRABLES ARRENDAMIENTO FINANCIERO (CR),1105,4,detalle,0,acreedora
1106,PARTES RELACIONADAS,11,3,mayor,0,acreedora
110601,CASA MATRIZ ,1106,4,detalle,0,acreedora
110602,"DIRECTORES, EJECUTIVOS Y EMPLEADOS ",1106,4,detalle,0,acreedora
110603,COMPA�IAS ASOCIADAS,1106,4,detalle,0,acreedora
110604,COMPA�IAS SUBSIDIARIAS,1106,4,detalle,0,acreedora
110605,OTRAS PARTES RELACIONADAS,1106,4,detalle,0,acreedora
1107,INVENTARIOS ,11,3,mayor,0,acreedora
110701,INSUMOS Y MATERIALES PARA LA PRESTACION DE SERVICIOS ,1107,4,detalle,0,acreedora
110702,PRODUCTOS PARA LA VENTA ,1107,4,detalle,0,acreedora
110703,MERCADERIA EN TRANSITO ,1107,4,detalle,0,acreedora
110704,OBSOLESCENCIA Y DETERIORO DE INVENTARIOS (CR),1107,4,detalle,0,acreedora
1108,PAGOA ANTICIPADOS ,11,3,mayor,0,acreedora
110801,SEGUROS Y FIANZAS,1108,4,detalle,0,acreedora
110802,ALQUILERES ,1108,4,detalle,0,acreedora
110803,PUBLICIDAD Y PROPAGANDA ,1108,4,detalle,0,acreedora
110804,OTROS PAGOS ANTICIPADOS ,1108,4,detalle,0,acreedora
1109,INVERSIONES TEMPORALES ,11,3,mayor,0,acreedora
110901,INVERSIONES TEMPORALES A CORTO PLAZO ,1109,4,detalle,0,acreedora
12,ACTIVO NO CORRIENTE ,1,2,mayor,0,acreedora
1201,"PROPIEDADES, PLANTA Y EQUIPO ",12,3,mayor,0,acreedora
120101,BIENES INMUEBLES ,1201,4,mayor,0,acreedora
12010101,TERRENOS ,120101,5,detalle,0,acreedora
12010102,EDIFICIOS ,120101,5,detalle,0,acreedora
12010103,CONSTRUCCIONES EN PROCESO ,120101,5,detalle,0,acreedora
120102,INSTALACIONES ,1201,4,mayor,0,acreedora
12010201,INSTALACIONES EN INMUEBLES PROPIOS ,120102,5,detalle,0,acreedora
12010202,INSTALACIONES EN INMUEBLES ARRENDADOS,120102,5,detalle,0,acreedora
120103,MEJORAS ,1201,4,mayor,0,acreedora
12010301,MEJORAS EN INMUEBLES PROPIOS ,120103,5,detalle,0,acreedora
12010302,MEJORAS EN INMUEBLES ARRENDADOS,120103,5,detalle,0,acreedora
120104,BIENES MUEBLES ,1201,4,mayor,0,acreedora
12010401,MOBILIARIO Y EQUIPO DE OFICINA ,120104,5,detalle,0,acreedora
12010402,EQUIPO DE TRANSPORTE ,120104,5,detalle,0,acreedora
12010403,EQUIPO Y HERRAMIENTAS,120104,5,detalle,0,acreedora
120105,BIENES TOMADOS EN ARRENDAMIENTO FINANCIERO ,1201,4,detalle,0,acreedora
1202,"DEPRECIACION ACUMULADA DE PROPIEDADES, PLANTA Y EQUIPO(CR)",12,3,mayor,0,acreedora
120201,DEPRECIACION DE EDIFICIOS (CR),1202,4,detalle,0,acreedora
120202,DEPRECIACION DE INSTALACIONES (CR),1202,4,detalle,0,acreedora
120203,DEPRECIACION DE MEJORAS (CR),1202,4,detalle,0,acreedora
120204,DEPRECIACION DE BIENES MUEBLES  (CR),1202,4,detalle,0,acreedora
120205,DEPRECIACION DE BIENES TOMADOS EN ARRENDAMIENTO FINANCIERO (CR),1202,4,detalle,0,acreedora
1203,"DETERIORO ACUMULADO DE PROPIEDADES, PLANTA Y EQUIPO (CR)",12,3,mayor,0,acreedora
120301,DETERIORO DE INMUEBLES (CR),1203,4,detalle,0,acreedora
120302,DETERIORO DE INSTALACIONES (CR),1203,4,detalle,0,acreedora
120303,DETERIORO DE MEJORAS (CR),1203,4,detalle,0,acreedora
120304,DETERIORO DE BIENES MUEBLES  (CR),1203,4,detalle,0,acreedora
120305,DETERIORO DE BIENES TOMADOS EN ARRENDAMIENTO FINANCIERO (CR),1203,4,detalle,0,acreedora
1204,INVERSIONES PERMANENTES ,12,3,mayor,0,acreedora
120401,INVERSIONES EN SUBSIDIARIAS,1204,4,detalle,0,acreedora
120402,INVERSIONES EN ASOCIADAS,1204,4,detalle,0,acreedora
120403,INVERSIONES EN NEGOCIOS CONJUNTOS ,1204,4,detalle,0,acreedora
120409,DETERIORO DE INVERSIONES PERMANENTES (CR),1204,4,detalle,0,acreedora
1205,PROPIEDADES DE INVERSION ,12,3,mayor,0,acreedora
120501,PROPIEDADES DE INVERSION MEDIDAS AL COSTO ,1205,4,mayor,0,acreedora
12050101,TERRENOS ,120501,5,detalle,0,acreedora
12050102,EDIFICACIONES ,120501,5,detalle,0,acreedora
12050103,DEPRECIACION ACUMULADA EDIFICACIONES (CR),120501,5,detalle,0,acreedora
12050104,DETERIORO ACUMULADO DE INMUEBLES (CR),120501,5,detalle,0,acreedora
120502,PROPIEDADES DE INVERSION MEDIDAS AL VALOR RAZONABLE,1205,4,mayor,0,acreedora
12050201,TERRENOS ,120502,5,detalle,0,acreedora
12050202,EDIFICACIONES ,120502,5,detalle,0,acreedora
12050203,CAMBIOS EN VALOR RAZONABLE DE PROPIEDADES DE INVERSI�N  ,120502,5,detalle,0,acreedora
1206,ACTIVOS INTANGIBLES ,12,3,mayor,0,acreedora
120601,DERECHO DE LLAVE,1206,4,mayor,0,acreedora
12060101,COSTO DE ADQUISICI�N,120601,5,detalle,0,acreedora
12060102,AMORTIZACI�N (CR),120601,5,detalle,0,acreedora
120602,PATENTES Y MARCAS,1206,4,mayor,0,acreedora
12060201,COSTO DE ADQUISICI�N,120602,5,detalle,0,acreedora
12060202,AMORTIZACI�N (CR),120602,5,detalle,0,acreedora
120603,LICENCIAS Y CONCESIONES ,1206,4,mayor,0,acreedora
12060301,COSTO DE ADQUISICI�N,120603,5,detalle,0,acreedora
12060302,AMORTIZACI�N (CR),120603,5,detalle,0,acreedora
120604,PROGRAMAS Y SISTEMAS ,1206,4,mayor,0,acreedora
12060401,COSTO DE ADQUISICI�N,120604,5,detalle,0,acreedora
12060402,AMORTIZACI�N (CR),120604,5,detalle,0,acreedora
120605,OTROS INTANGIBLES ,1206,4,detalle,0,acreedora
1207,PLUSVALIA COMPRADA,12,3,mayor,0,acreedora
120701,PLUSVALIA COMPRADA,1207,4,mayor,0,acreedora
12070101,COSTO DE PLUSVALIA COMPRADA,120701,5,detalle,0,acreedora
1208,CUENTAS Y DOCUMENTOS POR COBRAR A LARGO PLAZO ,12,3,mayor,0,acreedora
120801,CUENTAS POR COBRAR COMERCIALES ,1208,4,detalle,0,acreedora
120802,CUENTAS POR COBRAR NO COMERCIALES ,1208,4,detalle,0,acreedora
120803,DEUDORES VARIOS A LARGO PLAZO ,1208,4,detalle,0,acreedora
1209,PRESTAMOS A ACCIONISTAS A LARGO PLAZO ,12,3,mayor,0,acreedora
120901,PRESTAMOS A ACCIONISTAS A LARGO PLAZO ,1209,4,detalle,0,acreedora
1213,PARTES RELACIONADAS A LARGO PLAZO ,12,3,mayor,0,acreedora
121301,CASA MATRIZ A LARGO PLAZO ,1213,4,detalle,0,acreedora
121302,"DIRECTORES, EJECUTIVOS Y EMPLEADOS A LARGO PLAZO ",1213,4,detalle,0,acreedora
121303,COMPA�IAS ASOCIADAS A LARGO PLAZO ,1213,4,detalle,0,acreedora
121304,COMPA�IAS SUBSIDIARIAS A LARGO PLAZO ,1213,4,detalle,0,acreedora
121305,OTRAS PARTES RELACIONADAS A LARGO PLAZO ,1213,4,detalle,0,acreedora
1214,IMPUESTO SOBRE LA RENTA DIFERIDO ,12,3,mayor,0,acreedora
121401,IMPUESTO SOBRE LA RENTA DIFERIDO ,1214,4,mayor,0,acreedora
12140101,DIFERENCIAS TEMPORARIAS DEDUCIBLES ACUMULADAS,121401,5,detalle,0,acreedora
12140102,DIFERENCIAS TEMPORARIAS DEDUCIBLES DEL PRESENTE EJERCICIO ,121401,5,detalle,0,acreedora
2,PASIVO ,,1,mayor,0,deudora
21,PASIVOS CORRIENTES ,2,2,mayor,0,deudora
2101,PRESTAMOS Y SOBREGIROS BANCARIOS ,21,3,mayor,0,deudora
210101,SOBREGIROS BANCARIOS ,2101,4,detalle,0,deudora
210102,PRESTAMOS BANCARIOS A CORTO PLAZO ,2101,4,detalle,0,deudora
210103,PRESTAMOS DE ACCIONISTAS ,2101,4,detalle,0,deudora
210104,OTROS PRESTAMOS ,2101,4,detalle,0,deudora
2102,CUENTAS Y DOCUMENTOS POR PAGAR ,21,3,mayor,0,deudora
210201,PROVEEDORES NACIONALES ,2102,4,detalle,0,deudora
210202,PROVEEDORES EXTRANJEROS ,2102,4,detalle,0,deudora
210203,INTERESES POR PAGAR ,2102,4,detalle,0,deudora
210204,DOCUMENTOS POR PAGAR ,2102,4,detalle,0,deudora
2103,BENEFICIOS POR PAGAR A CORTO PLAZO ,21,3,mayor,0,deudora
210301,BENEFICIOS POR PAGAR A EMPLEADOS ,2103,4,mayor,0,deudora
21030101,SUELDOS ,210301,5,detalle,0,deudora
21030102,COMISIONES ,210301,5,detalle,0,deudora
21030103,BONIFICACIONES,210301,5,detalle,0,deudora
21030104,VACACIONES ,210301,5,detalle,0,deudora
21030105,AGUINALDOS ,210301,5,detalle,0,deudora
21030106,INDEMNIZACIONES ,210301,5,detalle,0,deudora
2104,ACREEDORES VARIOS Y PROVISIONES ,21,3,mayor,0,deudora
210401,ACREEDORES LOCALES ,2104,4,detalle,0,deudora
210402,PROVISIONES,2104,4,detalle,0,deudora
2105,"COTIZACIONES LABORALES, PATRONALES Y DESCUENTOS",21,3,mayor,0,deudora
210501,COTIZACIONES DE SALUD,2105,4,detalle,0,deudora
21050101,CUOTA LABORAL ,210501,5,detalle,0,deudora
21050102,CUOTA PATRONAL ,210501,5,detalle,0,deudora
21050103,CUOTA INSAFORP,210501,5,detalle,0,deudora
210502,COTIZACIONES DE PENSION ,2105,4,detalle,0,deudora
21050201,COTIZACIONES LABORALES,210502,5,detalle,0,deudora
21050202,COTIZACIONES PATRONALES ,210502,5,detalle,0,deudora
210503,RETENCION DE IMPUESTO SOBRE LA RENTA ,2105,4,detalle,0,deudora
21050301,EMPLEADOS PERMANENTES ,210503,5,detalle,0,deudora
21050302,RETENCION A TERCEROS ,210503,5,detalle,0,deudora
210504,ORDENES DE DESCUENTOS DE BANCOS Y OTRAS INSTITUCIONES ,2105,4,detalle,0,deudora
2106,IVA DEBITO FISCAL ,21,3,mayor,0,deudora
210601,IVA DEBITO FISCAL ,2106,4,detalle,0,deudora
2107,OBLIGACIONES POR ARRENDAMIENTO FINANCIERO ,21,3,mayor,0,deudora
210701,OBLIGACIONES POR ARRENDAMIENTO FINANCIERO ,2107,4,detalle,0,deudora
2108,DIVIDENDOS POR PAGAR ,21,3,mayor,0,deudora
210801,DIVIDENDOS POR PAGAR ,2108,4,detalle,0,deudora
2109,IMPUESTOS ,21,3,mayor,0,deudora
210901,IMPUESTOS POR PAGAR ,2109,4,detalle,0,deudora
21090101,IMPUESTO SOBRE LA RENTA ANUAL ,210901,5,detalle,0,deudora
21090102,IVA POR PAGAR DEL PERIODO ,210901,5,detalle,0,deudora
21090103,IVA RETENIDO A TERCEROS ,210901,5,detalle,0,deudora
21090104,IMPUESTOS MUNICIPALES ,210901,5,detalle,0,deudora
21090105,PAGO A CUENTA ,210901,5,detalle,0,deudora
21090106,OTROS IMPUESTOS POR PAGAR ,210901,5,detalle,0,deudora
2110,CUENTAS POR PAGAR PARTES RELACIONADAS,21,3,mayor,0,deudora
211001,CASA MATRIZ,2110,4,detalle,0,deudora
211002,"DIRECTORES, EJECUTIVOS Y EMPLEADOS",2110,4,detalle,0,deudora
211003,COMPA�IAS ASOCIADAS,2110,4,detalle,0,deudora
211004,COMPA�IAS SUBSIDIARIAS,2110,4,detalle,0,deudora
211005,OTRAS PARTES RELACIONADAS,2110,4,detalle,0,deudora
2111,INGRESOS ANTICIPADOS DE CLIENTES ,21,3,mayor,0,deudora
211101,ANTICIPO DE CLIENTES ,2111,4,detalle,0,deudora
211102,INTERESES POR PERCIBIR A PLAZOS,2111,4,detalle,0,deudora
22,PASIVO NO CORRIENTES ,2,2,mayor,0,deudora
2201,PRESTAMOS A LARGO PLAZO ,22,3,mayor,0,deudora
220101,PRESTAMOS BANCARIOS ,2201,4,detalle,0,deudora
220102,PRESTAMOS NO BANCARIOS ,2201,4,detalle,0,deudora
2202,CUENTAS POR PAGAR A LARGO PLAZO ,22,3,mayor,0,deudora
220201,CUENTAS POR PAGAR A LARGO PLAZO ,2102,4,detalle,0,deudora
2203,OBLIGACIONES POR ARRENDAMIENTO FINANCIERO A LARGO PLAZO ,22,3,mayor,0,deudora
220301,OBLIGACIONES POR ARRENDAMIENTO FINANCIERO A LARGO PLAZO ,2203,4,detalle,0,deudora
2204,BENEFICIOS POR PAGAR A LARGO PLAZO A EMPLEADOS ,22,3,mayor,0,deudora
220401,BENEFICIOS POR PAGAR A LARGO PLAZO A EMPLEADOS ,2204,4,detalle,0,deudora
2205,PROVISIONES A LARGO PLAZO ,22,3,mayor,0,deudora
220501,PROVISIONES A LARGO PLAZO ,2205,4,detalle,0,deudora
2206,CUENTAS POR PAGAR A LARGO PLAZO PARTES RELACIONADAS,22,3,mayor,0,deudora
220601,CASA MATRIZ A LARGO PLAZO ,2206,4,detalle,0,deudora
220602,"DIRECTORES, EJECUTIVOS Y EMPLEADOS A LARGO PLAZO ",2206,4,detalle,0,deudora
220603,COMPA�IAS ASOCIADAS A LARGO PLAZO,2206,4,detalle,0,deudora
220604,COMPA�IAS SUBSIDIARIAS A LARGO PLAZO ,2206,4,detalle,0,deudora
220605,OTRAS PARTES RELACIONADAS A LARGO PLAZO,2206,4,detalle,0,deudora
2207,INGRESOS ANTICIPADOS DE CLIENTES ,22,3,mayor,0,deudora
220701,ANTICIPO DE CLIENTES,2207,4,detalle,0,deudora
220702,INTERESES POR PERCIBIR A PLAZOS ,2207,4,detalle,0,deudora
2208,OTROS PASIVOS NO CORRIENTES,22,3,mayor,0,deudora
220801,VALORES PENDIENTES DE APLICAR ,2208,4,detalle,0,deudora
220802,GARANTIAS Y DEPOSITOS RECIBIDOS ,2208,4,detalle,0,deudora
2209,IMPUESTO SOBRE LA RENTA DIFERIDO ,22,3,mayor,0,deudora
220901,IMPUESTO SOBRE LA RENTA DIFERIDO ,2209,4,detalle,0,deudora
22090101,DIFERENCIAS TEMPORARIAS ACUMULADAS,2209,4,detalle,0,deudora
22090102,DIFERENCIAS TEMPORARIAS DEL PRESENTE EJERCICIO ,2209,4,detalle,0,deudora
3,PATRIMONIO ,,1,mayor,0,acreedora
31,CAPITAL Y RESERVAS ,3,2,mayor,0,acreedora
3101,CAPITAL SOCIAL ,31,3,mayor,0,acreedora
310101,CAPITAL SOCIAL MINIMO ,3101,4,mayor,0,acreedora
31010101,CAPITAL SOCIAL MINIMO ,310101,5,detalle,0,acreedora
31010102,CAPITAL SOCIAL MINIMO NO PAGADO (CR),310101,5,detalle,0,acreedora
310102,CAPITAL VARIABLE,3101,3,mayor,0,acreedora
31010201,CAPITAL VARIABLE,310102,4,detalle,0,acreedora
31010202,CAPITAL VARIABLE NO PAGADO (CR),310102,4,detalle,0,acreedora
3102,RESERVAS,31,3,mayor,0,acreedora
310201,RESERVA LEGAL ,3102,4,detalle,0,acreedora
3103,UTILIDADES ACUMULADAS,31,3,mayor,0,acreedora
310301,UTILIDADES DE EJERCICIOS ANTERIORES,3103,4,detalle,0,acreedora
310302,UTILIDAD DEL PRESENTE EJERCICIO ,3103,4,detalle,0,acreedora
3104,PERDIDAS ACUMULADAS,31,3,mayor,0,acreedora
310401,PERDIDAS DE EJERCICIOS ANTERIORES,3104,4,detalle,0,acreedora
310402,PERDIDA DEL PRESENTE EJERCICIO ,3104,4,detalle,0,acreedora
4,CUENTAS DE RESULTADO DEUDORAS ,,1,mayor,0,deudora
41,COSTOS Y GASTOS POR ACTIVIDADES ORDINARIAS ,1,2,mayor,0,deudora
4101,COSTOS,41,3,mayor,0,deudora
410101,COSTOS POR SERVICIOS ,4101,4,mayor,0,deudora
41010101,SUELDOS ORDINARIOS ,410101,5,detalle,0,deudora
41010102,HORAS EXTRAS,410101,5,detalle,0,deudora
41010103,AGUINALDO ,410101,5,detalle,0,deudora
41010104,COMISIONES,410101,5,detalle,0,deudora
41010105,BONIFICACIONES ,410101,5,detalle,0,deudora
41010106,GRATIFICACIONES ,410101,5,detalle,0,deudora
41010107,VACACIONES ,410101,5,detalle,0,deudora
41010108,INDEMNIZACIONES ,410101,5,detalle,0,deudora
41010109,CUOTA PATRONAL SEGURO SOCIAL ,410101,5,detalle,0,deudora
41010110,CUOTA PATRONAL AFP ,410101,5,detalle,0,deudora
41010111,CUOTA INSAFORP ,410101,5,detalle,0,deudora
41010112,COMBUSTIBLE Y LUBRICANTES ,410101,5,detalle,0,deudora
41010113,VIATICOS ,410101,5,detalle,0,deudora
41010114,IMPUESTOS MUNICIPALES ,410101,5,detalle,0,deudora
41010115,HONORARIOS PROFESIONALES ,410101,5,detalle,0,deudora
41010116,UTENSILIOS ,410101,5,detalle,0,deudora
41010117,CAPACITACIONES,410101,5,detalle,0,deudora
41010118,COMUNICACIONES ,410101,5,detalle,0,deudora
41010119,GASTOS REGISTRALES (CNR),410101,5,detalle,0,deudora
41010120,GASTOS DE VIAJE Y REPRESENTACION ,410101,5,detalle,0,deudora
41010121,ATENCIONES A EMPLEADOS ,410101,5,detalle,0,deudora
41010122,UNIFORMES ,410101,5,detalle,0,deudora
41010123,REFRENDA DE MATRICULAS,410101,5,detalle,0,deudora
41010124,ENERGIA ELECTRICA ,410101,5,detalle,0,deudora
41010125,SERVICIO DE AGUA ,410101,5,detalle,0,deudora
41010126,DONACIONES ,410101,5,detalle,0,deudora
41010127,DEPRECIACION ,410101,5,detalle,0,deudora
41010128,AMORTIZACION DE INTANGIBLES ,410101,5,detalle,0,deudora
41010129,MANTENIMIENTO DE VEHICULOS ,410101,5,detalle,0,deudora
41010130,MANTENIMIENTO DE INSTALACIONES ,410101,5,detalle,0,deudora
41010131,MANTENIMIENTO DE MOBILIARIO Y EQUIPO DE OFICINA ,410101,5,detalle,0,deudora
41010132,MANTENIMIENTO EQUIPO E INSTRUMENTAL ,410101,5,detalle,0,deudora
41010133,PAPALERIA Y UTILES ,410101,5,detalle,0,deudora
41010134,ARRENDAMIENTO ,410101,5,detalle,0,deudora
41010135,FOTOCOPIAS Y REPRODUCCION ,410101,5,detalle,0,deudora
41010136,PUBLICIDAD Y PROPAGANDA ,410101,5,detalle,0,deudora
41010137,VIGILANCIA Y SEGURIDAD ,410101,5,detalle,0,deudora
41010138,FUMIGACION Y LIMPIEZA ,410101,5,detalle,0,deudora
41010139,ATENCIONES A CLIENTES ,410101,5,detalle,0,deudora
41010140,SEGURO DE VEHICULOS ,410101,5,detalle,0,deudora
41010141,SEGURO DE EDIFICIOS ,410101,5,detalle,0,deudora
41010142,SEGURO DE EQUIPOS ,410101,5,detalle,0,deudora
41010143,CUENTAS INCOBRABLES ,410101,5,detalle,0,deudora
41010144,MANTENIMIENTO DE EQUIPO Y SOFTWARE,410101,5,detalle,0,deudora
41010145,PARTICIPACIONES GREMIALES ,410101,5,detalle,0,deudora
41010146,OTROS GASTOS ,410101,5,detalle,0,deudora
410102,COSTOS POR VENTA DE PRODUCTOS ,4101,4,mayor,0,deudora
41010201,SUELDOS ORDINARIOS ,410102,5,detalle,0,deudora
41010202,HORAS EXTRAS,410102,5,detalle,0,deudora
41010203,AGUINALDO ,410102,5,detalle,0,deudora
41010204,COMISIONES,410102,5,detalle,0,deudora
41010205,BONIFICACIONES ,410102,5,detalle,0,deudora
41010206,GRATIFICACIONES ,410102,5,detalle,0,deudora
41010207,VACACIONES ,410102,5,detalle,0,deudora
41010208,INDEMNIZACIONES ,410102,5,detalle,0,deudora
41010209,CUOTA PATRONAL SEGURO SOCIAL ,410102,5,detalle,0,deudora
41010210,CUOTA PATRONAL AFP ,410102,5,detalle,0,deudora
41010211,CUOTA INSAFORP ,410102,5,detalle,0,deudora
41010212,COMBUSTIBLE Y LUBRICANTES ,410102,5,detalle,0,deudora
41010213,VIATICOS ,410102,5,detalle,0,deudora
41010214,IMPUESTOS MUNICIPALES ,410102,5,detalle,0,deudora
41010215,HONORARIOS PROFESIONALES ,410102,5,detalle,0,deudora
41010216,UTENSILIOS ,410102,5,detalle,0,deudora
41010217,CAPACITACIONES,410102,5,detalle,0,deudora
41010218,COMUNICACIONES ,410102,5,detalle,0,deudora
41010219,GASTOS REGISTRALES (CNR),410102,5,detalle,0,deudora
41010220,GASTOS DE VIAJE Y REPRESENTACION ,410102,5,detalle,0,deudora
41010221,ATENCIONES A EMPLEADOS ,410102,5,detalle,0,deudora
41010222,UNIFORMES ,410102,5,detalle,0,deudora
41010223,REFRENDA DE MATRICULAS,410102,5,detalle,0,deudora
41010224,ENERGIA ELECTRICA ,410102,5,detalle,0,deudora
41010225,SERVICIO DE AGUA ,410102,5,detalle,0,deudora
41010226,DONACIONES ,410102,5,detalle,0,deudora
41010227,DEPRECIACION ,410102,5,detalle,0,deudora
41010228,AMORTIZACION DE INTANGIBLES ,410102,5,detalle,0,deudora
41010229,MANTENIMIENTO DE VEHICULOS ,410102,5,detalle,0,deudora
41010230,MANTENIMIENTO DE INSTALACIONES ,410102,5,detalle,0,deudora
41010231,MANTENIMIENTO DE MOBILIARIO Y EQUIPO DE OFICINA ,410102,5,detalle,0,deudora
41010232,MANTENIMIENTO EQUIPO E INSTRUMENTAL ,410102,5,detalle,0,deudora
41010233,PAPALERIA Y UTILES ,410102,5,detalle,0,deudora
41010234,ARRENDAMIENTO ,410102,5,detalle,0,deudora
41010235,FOTOCOPIAS Y REPRODUCCION ,410102,5,detalle,0,deudora
41010236,PUBLICIDAD Y PROPAGANDA ,410102,5,detalle,0,deudora
41010237,VIGILANCIA Y SEGURIDAD ,410102,5,detalle,0,deudora
41010238,FUMIGACION Y LIMPIEZA ,410102,5,detalle,0,deudora
41010239,ATENCIONES A CLIENTES ,410102,5,detalle,0,deudora
41010240,SEGURO DE VEHICULOS ,410102,5,detalle,0,deudora
41010241,SEGURO DE EDIFICIOS ,410102,5,detalle,0,deudora
41010242,SEGURO DE EQUIPOS ,410102,5,detalle,0,deudora
41010243,CUENTAS INCOBRABLES ,410102,5,detalle,0,deudora
41010244,MANTENIMIENTO DE EQUIPO Y SOFTWARE,410102,5,detalle,0,deudora
41010245,PARTICIPACIONES GREMIALES ,410102,5,detalle,0,deudora
41010246,OTROS GASTOS ,410102,5,detalle,0,deudora
4102,GASTOS DE OPERACI�N ,41,3,mayor,0,deudora
410201,GASTOS DE VENTA ,4102,4,mayor,0,deudora
41020101,SUELDOS ORDINARIOS ,410201,5,detalle,0,deudora
41020102,HORAS EXTRAS,410201,5,detalle,0,deudora
41020103,AGUINALDO ,410201,5,detalle,0,deudora
41020104,COMISIONES,410201,5,detalle,0,deudora
41020105,BONIFICACIONES ,410201,5,detalle,0,deudora
41020106,GRATIFICACIONES ,410201,5,detalle,0,deudora
41020107,VACACIONES ,410201,5,detalle,0,deudora
41020108,INDEMNIZACIONES ,410201,5,detalle,0,deudora
41020109,CUOTA PATRONAL SEGURO SOCIAL ,410201,5,detalle,0,deudora
41020110,CUOTA PATRONAL AFP ,410201,5,detalle,0,deudora
41020111,CUOTA INSAFORP ,410201,5,detalle,0,deudora
41020112,COMBUSTIBLE Y LUBRICANTES ,410201,5,detalle,0,deudora
41020113,VIATICOS ,410201,5,detalle,0,deudora
41020114,IMPUESTOS MUNICIPALES ,410201,5,detalle,0,deudora
41020115,HONORARIOS PROFESIONALES ,410201,5,detalle,0,deudora
41020116,UTENSILIOS ,410201,5,detalle,0,deudora
41020117,CAPACITACIONES,410201,5,detalle,0,deudora
41020118,COMUNICACIONES ,410201,5,detalle,0,deudora
41020119,GASTOS REGISTRALES (CNR),410201,5,detalle,0,deudora
41020120,GASTOS DE VIAJE Y REPRESENTACION ,410201,5,detalle,0,deudora
41020121,ATENCIONES A EMPLEADOS ,410201,5,detalle,0,deudora
41020122,UNIFORMES ,410201,5,detalle,0,deudora
41020123,REFRENDA DE MATRICULAS,410201,5,detalle,0,deudora
41020124,ENERGIA ELECTRICA ,410201,5,detalle,0,deudora
41020125,SERVICIO DE AGUA ,410201,5,detalle,0,deudora
41020126,DONACIONES ,410201,5,detalle,0,deudora
41020127,DEPRECIACION ,410201,5,detalle,0,deudora
41020128,AMORTIZACION DE INTANGIBLES ,410201,5,detalle,0,deudora
41020129,MANTENIMIENTO DE VEHICULOS ,410201,5,detalle,0,deudora
41020130,MANTENIMIENTO DE INSTALACIONES ,410201,5,detalle,0,deudora
41020131,MANTENIMIENTO DE MOBILIARIO Y EQUIPO DE OFICINA ,410201,5,detalle,0,deudora
41020132,MANTENIMIENTO EQUIPO E INSTRUMENTAL ,410201,5,detalle,0,deudora
41020133,PAPALERIA Y UTILES ,410201,5,detalle,0,deudora
41020134,ARRENDAMIENTO ,410201,5,detalle,0,deudora
41020135,FOTOCOPIAS Y REPRODUCCION ,410201,5,detalle,0,deudora
41020136,PUBLICIDAD Y PROPAGANDA ,410201,5,detalle,0,deudora
41020137,VIGILANCIA Y SEGURIDAD ,410201,5,detalle,0,deudora
41020138,FUMIGACION Y LIMPIEZA ,410201,5,detalle,0,deudora
41020139,ATENCIONES A CLIENTES ,410201,5,detalle,0,deudora
41020140,SEGURO DE VEHICULOS ,410201,5,detalle,0,deudora
41020141,SEGURO DE EDIFICIOS ,410201,5,detalle,0,deudora
41020142,SEGURO DE EQUIPOS ,410201,5,detalle,0,deudora
41020143,CUENTAS INCOBRABLES ,410201,5,detalle,0,deudora
41020144,MANTENIMIENTO DE EQUIPO Y SOFTWARE,410201,5,detalle,0,deudora
41020145,PARTICIPACIONES GREMIALES ,410201,5,detalle,0,deudora
41020146,OTROS GASTOS ,410201,5,detalle,0,deudora
410202,GASTOS DE ADMINISTRACIóN ,4102,4,mayor,0,deudora
41020201,SUELDOS ORDINARIOS ,410202,5,detalle,0,deudora
41020202,HORAS EXTRAS,410202,5,detalle,0,deudora
41020203,AGUINALDO ,410202,5,detalle,0,deudora
41020204,COMISIONES,410202,5,detalle,0,deudora
41020205,BONIFICACIONES ,410202,5,detalle,0,deudora
41020206,GRATIFICACIONES ,410202,5,detalle,0,deudora
41020207,VACACIONES ,410202,5,detalle,0,deudora
41020208,INDEMNIZACIONES ,410202,5,detalle,0,deudora
41020209,CUOTA PATRONAL SEGURO SOCIAL ,410202,5,detalle,0,deudora
41020210,CUOTA PATRONAL AFP ,410202,5,detalle,0,deudora
41020211,CUOTA INSAFORP ,410202,5,detalle,0,deudora
41020212,COMBUSTIBLE Y LUBRICANTES ,410202,5,detalle,0,deudora
41020213,VIATICOS ,410202,5,detalle,0,deudora
41020214,IMPUESTOS MUNICIPALES ,410202,5,detalle,0,deudora
41020215,HONORARIOS PROFESIONALES ,410202,5,detalle,0,deudora
41020216,UTENSILIOS ,410202,5,detalle,0,deudora
41020217,CAPACITACIONES,410202,5,detalle,0,deudora
41020218,COMUNICACIONES ,410202,5,detalle,0,deudora
41020219,GASTOS REGISTRALES (CNR),410202,5,detalle,0,deudora
41020220,GASTOS DE VIAJE Y REPRESENTACION ,410202,5,detalle,0,deudora
41020221,ATENCIONES A EMPLEADOS ,410202,5,detalle,0,deudora
41020222,UNIFORMES ,410202,5,detalle,0,deudora
41020223,REFRENDA DE MATRICULAS,410202,5,detalle,0,deudora
41020224,ENERGIA ELECTRICA ,410202,5,detalle,0,deudora
41020225,SERVICIO DE AGUA ,410202,5,detalle,0,deudora
41020226,DONACIONES ,410202,5,detalle,0,deudora
41020227,DEPRECIACION ,410202,5,detalle,0,deudora
41020228,AMORTIZACION DE INTANGIBLES ,410202,5,detalle,0,deudora
41020229,MANTENIMIENTO DE VEHICULOS ,410202,5,detalle,0,deudora
41020230,MANTENIMIENTO DE INSTALACIONES ,410202,5,detalle,0,deudora
41020231,MANTENIMIENTO DE MOBILIARIO Y EQUIPO DE OFICINA ,410202,5,detalle,0,deudora
41020232,MANTENIMIENTO EQUIPO E INSTRUMENTAL ,410202,5,detalle,0,deudora
41020233,PAPALERIA Y UTILES ,410202,5,detalle,0,deudora
41020234,ARRENDAMIENTO ,410202,5,detalle,0,deudora
41020235,FOTOCOPIAS Y REPRODUCCION ,410202,5,detalle,0,deudora
41020236,PUBLICIDAD Y PROPAGANDA ,410202,5,detalle,0,deudora
41020237,VIGILANCIA Y SEGURIDAD ,410202,5,detalle,0,deudora
41020238,FUMIGACION Y LIMPIEZA ,410202,5,detalle,0,deudora
41020239,ATENCIONES A CLIENTES ,410202,5,detalle,0,deudora
41020240,SEGURO DE VEHICULOS ,410202,5,detalle,0,deudora
41020241,SEGURO DE EDIFICIOS ,410202,5,detalle,0,deudora
41020242,SEGURO DE EQUIPOS ,410202,5,detalle,0,deudora
41020243,CUENTAS INCOBRABLES ,410202,5,detalle,0,deudora
41020244,MANTENIMIENTO DE EQUIPO Y SOFTWARE,410202,5,detalle,0,deudora
41020245,PARTICIPACIONES GREMIALES ,410202,5,detalle,0,deudora
41020246,OTROS GASTOS ,410202,5,detalle,0,deudora
410203,GASTOS FINANCIEROS ,4102,4,mayor,0,deudora
41020301,INTERESES ,410203,5,detalle,0,deudora
41020302,COMISIONES ,410203,5,detalle,0,deudora
410204,GASTOS POR IMPUESTO SOBRE LA RENTA CORRIENTE,4102,4,detalle,0,deudora
42,GASTOS NO ORDINARIOS ,4,2,mayor,0,deudora
4201,OTROS GASTOS ,42,3,mayor,0,deudora
420101,GASTOS POR DETERIORO DE ACTIVOS ,4201,4,mayor,0,deudora
42010101,GASTOS POR DETERIORO DE INVENTARIOS ,420101,5,detalle,0,deudora
42010102,"GASTOS POR DETERIORO DE PROPIEDADES, PLANTA Y EQUIPO ",420101,5,detalle,0,deudora
420102,GASTOS POR IMPUESTO SOBRE LA RENTA DIFERIDO ,4201,4,detalle,0,deudora
420103,GASTOS POR ALQUILER DE LOCALES PROPIOS,4201,4,detalle,0,deudora
5,CUENTAS DE RESULTADO ACREEDORAS,,1,mayor,0,acreedora
51,INGRESOS POR ACTIVIDADES ORDINARIAS,5,2,mayor,0,acreedora
5101,INGRESOS POR SERVICIOS ,51,3,detalle,0,acreedora
5102,INGRESOS POR VENTA DE PRODUCTOS ,51,3,detalle,0,acreedora
52,INGRESOS NO ORDINARIOS ,5,2,mayor,0,acreedora
5201,OTROS INGRESOS ,52,3,mayor,0,acreedora
520101,INGRESOS FINANCIEROS Y OTROS ,5201,4,mayor,0,acreedora
52010101,INTERESES,520101,5,detalle,0,acreedora
52010102,REGALIAS,520101,5,detalle,0,acreedora
520102,INGRESOS POR ALQUILERES,5201,4,detalle,0,acreedora
520109,INGRESOS POR REVERSION DE DETERIORO ,5201,4,mayor,0,acreedora
52010901,INGRESOS POR REVERSION DETERIORO DE INVENTARIOS ,520109,5,detalle,0,acreedora
52010902,"INGRESOS POR REVERSION DETERIORO DE PROPIEDADES, PLANTA Y EQUIPO ",520109,5,detalle,0,acreedora
6,CUENTAS DE CIERRE,,1,mayor,0,deudora
61,CUENTA LIQUIDADORA,6,2,mayor,0,deudora
6101,PERDIDAS Y GANANCIAS,61,3,mayor,0,deudora
610101,PERDIDAS Y GANANCIAS,6101,4,detalle,0,deudora
